/* MAKE SURE YOU CREATE YOUR TABLES FIRST */
USE db_book;

INSERT tbl_publisher(publisher_Name, publisher_Address, publisher_Phone)
	VALUES
		('Mike Ross', '12345 River Road', '555-333-4444'),
		('B and W Publishing', '4105 SE Luther St', '333-394-2293'),
		('Cool Publishing', '1st avenue Portland', '123-333-4444'),
		('Bird Dog Publishing', 'Nest 32nd NE Dr', '503-999-0000'),
		('Children Publishing', 'Candyland Way', '344-333-4444'),
		('Wizard Publishing', 'Hogwarts', '345-222-4442'),
		('Sports All Day Everyday', 'ESPN Disneyland', '928-341-6654'),
		('Horror', '666th Scary Road', '123-939-7777'),
		('BN', '23123 Who Cares Portland OR', '503-828-3828');


INSERT tbl_book(book_Title, book_PublisherName)
	VALUES
		('The Lost Tribe', 'Mike Ross'),
		('Moby Dick', 'B and W Publishing'),
		('The Grapes of Wrath', 'Mike Ross'),
		('If not Now, When?', 'Cool Publishing'),
		('Lord Of Shadows', 'B and W Publishing'),
		('Into The Water', 'Bird Dog Publishing'),
		('Lord of The Rings 1', 'Wizard Publishing'),
		('Lord of The Rings 2', 'Wizard Publishing'),
		('Lord of The Rings 3', 'Wizard Publishing'),
		('Curious George', 'Children Publishing'),
		('Dr. Seauss', 'Children Publishing'),
		('The Lost Tribe 2', 'Mike Ross'),
		('Where the wild things are', 'Children Publishing'),
		('The Hunger Games', 'Cool Publishing'),
		('Friday Night Lights', 'Sports All Day Everyday'),
		('Remember The Titans', 'Sports All Day Everyday'),
		('Rudy', 'Sports All Day Everyday'),
		('Dragon Teeth', 'BN'),
		('The Dark Prophecy', 'BN'),
		('Everything, Everything', 'BN'),
		('The Shining', 'Horror');

INSERT tbl_author(author_Bookid, author_AuthorName)
	VALUES
		(1, 'Mark Lee'),
		(2, 'Herman Melville'),
		(3, 'John Steinbeck'),
		(4, 'Dwight Wood'),
		(5, 'Cassandra Clare'),
		(6, 'Paula Hawkins'),
		(7, 'J. R. R. Tolkien'),
		(8, 'J. R. R. Tolkien'),
		(9, 'J. R. R. Tolkien'),
		(10, 'Margret Rey'),
		(11, 'Margret Rey'),
		(12, 'Mark Lee'),
		(13, 'Alli Jenney'),
		(14, 'Suzanne Collins'),
		(15, 'Marcellus Wiley'),
		(16, 'Marcellus Wiley'),
		(17, 'Marcellus Wiley'),
		(18, 'Harry Potter'),
		(19, 'Harrpy Potter'),
		(20, 'Stephen King'),
		(21, 'Stephen King');

INSERT tbl_library_branch(library_Branchid, library_BranchName, library_Address)
	VALUES
		(100, 'Sharpstown', '12345 Nevada'),
		(101, 'Central', '5345 Hemmingway Road'),
		(102, 'Westside', '4105 SE Portland'),
		(103, 'Eastside', 'Brooklyn St, New York');

INSERT tbl_copies(copies_Bookid, copies_Branchid, copies_No_Of_Copies)
	VALUES
		(1, 100, 2),
		(2, 100, 4),
		(4, 100, 3),
		(8, 100, 5),
		(12,100, 2),
		(14, 100, 4),
		(3, 100, 9),
		(20, 100, 6),
		(7, 100, 3),
		(15, 100, 15),
		(4, 101, 2),
		(5, 101, 4),
		(6, 101, 3),
		(7, 101, 5),
		(8,101, 2),
		(9, 101, 4),
		(10, 101, 9),
		(11, 101, 6),
		(12, 101, 3),
		(13, 101, 2),
		(14, 102, 2),
		(1, 102, 4),
		(2, 102, 3),
		(15, 102, 5),
		(16,102, 2),
		(17, 102, 4),
		(18, 102, 9),
		(19, 102, 6),
		(20, 102, 3),
		(21, 102, 2),
		(1, 103, 2),
		(2, 103, 4),
		(3, 103, 3),
		(4, 103, 5),
		(5,103, 2),
		(6, 103, 4),
		(7, 103, 9),
		(8, 103, 6),
		(20, 101, 9),
		(21, 101, 3),
		(12, 103, 3),
		(13, 103, 2);


INSERT tbl_borrower(borrower_Name, borrower_Address, borrower_Phone)
	VALUES
		('Fred Flinstone', '12345 SE Hawthorne Drive', '5038889999'),
		('Wilma Flinstone', '12345 SE Hawthorne Drive', '5038889999'),
		('Michale Jordan', 'Looney Tunes World', '5032342345'),
		('Bugs Bunney', 'Looney Tunes World', '5032341234'),
		('Alli Jenney', '31234 NW Newport', '9712390001'),
		('Brad Pitt', 'Hollywood, CA', '5038881234'),
		('Angilina Jolie', 'Redwood, CA', '5032343234'),
		('Lebron James', '12345 Cleveland Ohio', '5038889999'),
		('Dumbledore', 'Hogwarts', '5038889999');


INSERT tbl_loans(loans_Bookid, loans_Branchid, loans_CardNo, loans_DateOut, loans_DueDate)
	VALUES
		(5, 103, 1, '2017-05-01', '2017-06-04'),
		(6, 100, 1, '2017-05-01', '2017-06-04'),
		(7, 101, 1, '2017-05-01', '2017-06-04'),
		(8, 102, 1, '2017-05-01', '2017-06-04'),
		(9, 103, 2, '2017-05-01', '2017-06-04'),
		(10, 102, 2, '2017-05-01', '2017-06-04'),
		(11, 100, 2, '2017-05-01', '2017-06-04'),
		(12, 101, 2, '2017-05-01', '2017-06-04'),
		(13, 102, 2, '2017-05-01', '2017-06-04'),
		(14, 103, 2, '2017-05-01', '2017-06-04'),
		(15, 102, 2, '2017-05-01', '2017-06-04'),
		(16, 101, 2, '2017-05-01', '2017-06-04'),
		(17, 100, 3, '2017-05-01', '2017-06-04'),
		(18, 102, 3, '2017-05-01', '2017-06-04'),
		(19, 103, 3, '2017-05-01', '2017-06-04'),
		(20, 100, 3, '2017-05-01', '2017-06-04'),
		(21, 100, 3, '2017-05-01', '2017-06-04'),
		(1, 101, 3, '2017-05-01', '2017-06-04'),
		(2, 102, 3, '2017-05-01', '2017-06-04'),
		(3, 103, 3, '2017-05-01', '2017-06-04'),
		(4, 102, 4, '2017-05-01', '2017-06-04'),
		(5, 100, 4, '2017-05-01', '2017-06-04'),
		(6, 101, 4, '2017-05-01', '2017-06-04'),
		(7, 102, 4, '2017-05-01', '2017-06-04'),
		(8, 103, 4, '2017-05-01', '2017-06-04'),
		(9, 101, 4, '2017-05-01', '2017-06-04'),
		(10, 100, 4, '2017-05-01', '2017-06-04'),
		(11, 101, 4, '2017-05-01', '2017-06-04'),
		(12, 102, 5, '2017-05-01', '2017-06-04'),
		(13, 103, 5, '2017-05-01', '2017-06-04'),
		(14, 100, 5, '2017-05-01', '2017-06-04'),
		(15, 100, 5, '2017-05-01', '2017-06-04'),
		(16, 101, 5, '2017-05-01', '2017-06-04'),
		(17, 102, 5, '2017-05-01', '2017-06-04'),
		(18, 103, 5, '2017-05-01', '2017-06-04'),
		(19, 101, 5, '2017-05-01', '2017-06-04'),
		(20, 100, 6, '2017-05-01', '2017-06-04'),
		(21, 101, 6, '2017-05-01', '2017-06-04'),
		(1, 102, 6, '2017-05-01', '2017-06-04'),
		(2, 103, 6, '2017-05-01', '2017-06-04'),
		(3, 103, 6, '2017-05-01', '2017-06-04'),
		(4, 102, 6, '2017-05-01', '2017-06-04'),
		(5, 102, 6, '2017-05-01', '2017-06-04'),
		(6, 103, 6, '2017-05-01', '2017-06-04'),
		(7, 101, 7, '2017-05-01', '2017-06-04'),
		(8, 102, 7, '2017-05-01', '2017-06-04'),
		(9, 101, 7, '2017-05-01', '2017-06-04'),
		(10, 100, 7, '2017-05-01', '2017-06-04'),
		(11, 100, 7, '2017-05-01', '2017-06-04'),
		(12, 100, 7, '2017-05-01', '2017-06-04'),
		(13, 100, 7, '2017-05-01', '2017-06-04'),
		(14, 101, 7, '2017-05-01', '2017-06-04'),
		(15, 103, 8, '2017-05-01', '2017-06-04'),
		(16, 102, 8, '2017-05-01', '2017-06-04'),
		(17, 101, 8, '2017-05-01', '2017-06-04'),
		(18, 101, 8, '2017-05-01', '2017-06-04'),
		(19, 101, 8, '2017-05-01', '2017-06-04'),
		(20, 102, 8, '2017-05-01', '2017-06-04'),
		(21, 103, 8, '2017-05-01', '2017-06-04'),
		(1, 102, 8, '2017-05-01', '2017-06-04'),
		(2, 100, 1, '2017-05-01', '2017-06-04'),
		(3, 101, 2, '2017-05-01', '2017-06-04'),
		(4, 103, 3, '2017-05-01', '2017-06-04'),
		(5, 102, 4, '2017-05-01', '2017-06-04'),
		(6, 102, 5, '2017-05-01', '2017-06-04'),
		(7, 102, 6, '2017-05-01', '2017-06-04'),
		(8, 101, 7, '2017-05-01', '2017-06-04'),
		(9, 101, 8, '2017-05-01', '2017-06-04'),
		(10, 102, 1, '2017-05-01', '2017-06-04'),
		(11, 103, 2, '2017-05-01', '2017-06-04'),
		(12, 102, 3, '2017-05-01', '2017-06-04'),
		(13, 100, 4, '2017-05-01', '2017-06-04'),
		(14, 100, 5, '2017-05-01', '2017-06-04'),
		(15, 100, 6, '2017-05-01', '2017-06-04'),
		(16, 101, 7, '2017-05-01', '2017-06-04'),
		(17, 101, 8, '2017-05-01', '2017-06-04'),
		(18, 101, 1, '2017-05-01', '2017-06-04'),
		(2, 101, 1, '2017-05-01', '2017-06-04'),
		(3, 102, 1, '2017-05-01', '2017-06-04'),
		(4, 103, 1, '2017-05-01', '2017-06-04');

